first_name,last_name,job_title,department,email,address,phone_number,salary,password
Cindy,Hayden,"Buyer, industrial",Orthoptist,megan81@example.net,New Davidmouth,+1-409-542-0071x590,42091,mVdlB44m
Anita,Taylor,Health and safety inspector,Set designer,idixon@example.org,East Kim,787-829-1618,38314,z1htuHfo
Samantha,Scott,"Surveyor, insurance",Best boy,qgarrison@example.net,Blanchardtown,314-225-8441x87354,65974,cYbnQmzT
Eric,Richards,Race relations officer,"Pilot, airline",james63@example.org,East Annette,461-932-9285x0231,24171,huVClzPt
Chris,Barnes,Art therapist,Occupational hygienist,vsantos@example.com,Lake Johnhaven,(224)944-1686x4807,71988,wLW03w0J
Aaron,Ballard,Financial controller,Field seismologist,keithluna@example.org,West Elizabethview,(325)418-7692,69074,jKCVZnmB
Jonathan,Perez,Educational psychologist,"Engineer, structural",fishercourtney@example.com,South Anne,607.305.4533x5496,93713,tabWpKGL
Carrie,Rhodes,Secretary/administrator,Chief of Staff,forbesjonathan@example.org,Martintown,289.811.2229,32062,8vu3OO5e
Robert,West,Interpreter,Clinical embryologist,mwalton@example.org,South Angelachester,660.648.5507x243,55192,SDG4sziI
Jamie,Cummings,Logistics and distribution manager,Charity fundraiser,tannertammy@example.net,Danielstad,(299)625-1990,27198,UNFWssk4
Sue,Diaz,"Engineer, water","Merchandiser, retail",joshuaday@example.net,West Kenneth,001-874-372-1854x4756,53795,BdfYmfqq
Emily,Taylor,Horticultural consultant,Community pharmacist,christine93@example.com,Anthonychester,7299482953,75869,IPNqeFTV
Victoria,Levy,"Programmer, multimedia",Chiropractor,jonathan05@example.net,South Daniel,942.614.6475,24204,n2PVJkMm
Isaac,Paul,Public affairs consultant,Barista,jessicacowan@example.com,Sheilastad,545-991-0552x432,85947,h8EoLmxL
Stacy,Lambert,Occupational therapist,"Optician, dispensing",stephanie46@example.com,Port Steven,659-355-6067,76236,WeQ02xBa
John,Young,Ship broker,Heritage manager,alexanderbrown@example.net,Kinghaven,(780)659-7468,18358,LpNIVFhi
Melissa,Higgins,"Therapist, sports",Neurosurgeon,taylor01@example.com,Port Timothyburgh,257.995.0532,80145,fv0nuKt0
Michael,Orr,"Pharmacist, community",Contractor,marcustorres@example.com,Paulachester,850-523-1615,15999,VeSwJQqs
Eric,Farmer,Public librarian,Network engineer,kara24@example.com,Aprilfurt,880.553.5064x38499,7324,7swNyd3u
Joseph,Doyle,"Restaurant manager, fast food","Engineer, land",kelseysmall@example.org,Marcusmouth,468.895.3895x2289,63374,2SkXFtVM
Mary,Matthews,Energy engineer,Energy engineer,anorman@example.net,West Laura,8203218501,74264,tbKQov60
Brittany,Logan,Chartered certified accountant,Estate manager/land agent,yvonnehunt@example.org,New Lisa,(981)491-2778x6033,64769,j0b9cbzO
Lauren,Wilson,Art gallery manager,Fast food restaurant manager,robertsangela@example.org,Darinport,+1-311-318-3521x16249,36700,SnJm75zB
Adam,Nelson,Structural engineer,Architect,scottmeadows@example.com,Cynthiastad,001-810-439-0104x317,84231,Jo4wv3M8
Bonnie,Hodges,Educational psychologist,"Engineer, drilling",sheilabrennan@example.com,Weisston,+1-382-266-8102x2053,76584,M54WJR6H
Amanda,Smith,Games developer,Speech and language therapist,johnsonerica@example.com,East Donaldtown,952-426-4992,72659,706izc0k
Peter,Benjamin,Materials engineer,"Psychologist, occupational",cameron41@example.net,New Ronald,873.845.8120,82704,KURuUAAv
Nicholas,Rivera,Trade mark attorney,Amenity horticulturist,robertmcdaniel@example.net,Dunnshire,(592)533-1853,69461,z86MsXuW
Richard,Hopkins,Pathologist,IT sales professional,skent@example.com,Mccarthytown,225-435-9232x65358,94792,utJapmNL
Julian,Baxter,Economist,"Research officer, government",utrevino@example.com,Lake Amandamouth,(519)784-5563,45311,XqCH5YXp
Gavin,Moore,Biomedical scientist,Commercial/residential surveyor,sandersian@example.net,North Kristenview,+1-309-431-1565,39341,d0Ey0cSM
Jamie,Williams,Clinical cytogeneticist,"Scientist, research (medical)",david66@example.com,North Ashley,+1-527-213-3001x1042,25224,fZhdwgyE
Ashley,Li,Charity fundraiser,Special effects artist,anthonytorres@example.net,Lake Jessica,(730)276-1307,75607,7zS5hHz5
Raymond,Lewis,Freight forwarder,Advertising account executive,philipgray@example.org,Mitchellburgh,001-731-361-7617x08923,96704,YcmEIgiN
Bryan,Hill,"Designer, jewellery",Chartered accountant,mcdowelldavid@example.com,Ronaldfurt,+1-771-682-9454,32271,lFegppcj
Robert,Taylor,Software engineer,Estate manager/land agent,teresaweeks@example.net,Blackville,8397305071,78337,Sm7cCN4M
Latoya,Allen,Press photographer,"Lecturer, further education",lopezjessica@example.net,New Jonathan,366-472-9784,64170,bGSvN9lZ
Julie,Hooper,"Scientist, clinical (histocompatibility and immunogenetics)",Dispensing optician,ywang@example.net,Stephanieland,(465)359-2020x2889,39155,nDjEnMYF
Patrick,Ellis,Archaeologist,Private music teacher,youngjose@example.net,Sanfordmouth,(850)520-4999x85220,19423,Q1Iksmnt
Kimberly,Chung,"Engineer, structural",Newspaper journalist,john32@example.org,Jonathanfurt,001-553-327-5625x9597,10306,msSNKR5k
Kenneth,Barnes,"Psychologist, sport and exercise",Human resources officer,heather77@example.org,Ryanhaven,660-697-7233x92613,71512,zrQtOBWS
Douglas,Bender,Fine artist,Site engineer,nnorris@example.com,Michaelbury,856.764.9396x45370,9879,nK4hqWyo
Cynthia,English,"Education officer, environmental",Education administrator,vasquezmichael@example.net,Brooksmouth,994-594-3723,42011,D959wHkE
Kristina,Mathews,Politician's assistant,Professor Emeritus,jessicacox@example.org,Sandersmouth,001-274-401-7174x777,63510,pm89dJdO
Anne,Baker,"Engineer, production",Chiropractor,parsonsmelissa@example.org,Hintonbury,580-700-6517,8023,JMqJuhor
Brian,Young,"Therapist, nutritional",Information systems manager,ograves@example.net,Wileyland,545-935-2243,4363,a3JChYn3
Alyssa,Baker,Cytogeneticist,Electronics engineer,kfuentes@example.org,South Nathanfort,001-630-780-8396x4108,73156,qpejHwkV
Shannon,Peters,Energy engineer,Air traffic controller,mark35@example.com,Karenview,413.348.0250x818,46300,aVXvPGOU
David,Kelly,Legal secretary,Management consultant,rebeccacarson@example.org,Jenniferfort,(542)363-0265,87475,o2mVkY1D
Joseph,Cross,Wellsite geologist,"Engineer, petroleum",cannonrobert@example.com,Torreschester,(421)559-6549x27965,66451,BSlmvud7
Laura,Griffith,"Therapist, horticultural",Product/process development scientist,garciaphilip@example.net,Sandraville,(393)923-7884x33726,99235,4oacgSER
Anthony,Pittman,"Sales professional, IT","Therapist, sports",marthawang@example.net,New Bryan,001-871-571-7667x418,23303,ImIRB8Y5
Elizabeth,Love,"Administrator, Civil Service",Fitness centre manager,walkermichelle@example.com,North Andreaton,961-591-4123x3594,23925,mFi9EbHn
Beth,Gamble,Textile designer,Toxicologist,torresaustin@example.net,Lake Sarahtown,3365401849,83778,6TBXSENo
Brian,Lyons,Paramedic,Psychiatric nurse,davidle@example.org,Leonview,222.239.9926x51722,32829,opuYu4k7
Tracy,Mack,Land,Physiological scientist,edickerson@example.net,Tylerhaven,9615703318,54256,Z73XP4ug
Nathan,Bishop,Community education officer,Medical technical officer,yarias@example.com,Johnsontown,460.882.0318x3550,80619,s1SIYAhU
Angela,Smith,Surgeon,"Conservation officer, nature",susankey@example.net,Nicoleton,001-850-512-2029x577,71864,mZtSHKtW
Laurie,Burgess,Animal technologist,Publishing rights manager,parksamber@example.com,North Bobbyton,8586869973,10916,kztiKT5V
Kenneth,Hines,Office manager,Fast food restaurant manager,garrettjames@example.net,West Pamelaberg,+1-524-685-6780x52628,72384,LKk88eOR
John,Peterson,Dramatherapist,Artist,sanchezrobert@example.net,Mendezton,(621)901-4482x2704,25077,mQqVna7G
Christian,Monroe,"Engineer, civil (consulting)",Comptroller,olsenwilliam@example.net,Port Jeremy,001-450-678-7423,97768,UX5mKEbM
Adrian,Morrow,Risk analyst,Data scientist,reynoldsjonathan@example.net,Fordborough,7012287041,27913,Dk1IlQEO
Frank,Anderson,"Production designer, theatre/television/film",Systems analyst,imartin@example.net,Port Ronnie,001-964-237-5505x025,34883,meshlv2p
Andrew,Wheeler,Mechanical engineer,Forest/woodland manager,xdaniels@example.com,Charlesborough,(582)531-3525x22828,58492,3eEQeo7k
Linda,Thomas,Artist,"Producer, television/film/video",luis73@example.net,Jasonburgh,484-503-1076,53712,amrgByPN
Anne,Johnson,Ship broker,Sales promotion account executive,george96@example.org,West Judithchester,639.941.0784,75123,fEH02lik
John,Bowers,Public house manager,Commercial horticulturist,williamsbradley@example.com,East Kylietown,001-972-525-4157x6246,10231,CG9Mp0Ec
Megan,Gibbs,Optometrist,Social researcher,hallannette@example.com,South Jaimeborough,+1-537-255-4108x426,38888,WXHDM5MJ
Michelle,Olson,Dentist,Agricultural consultant,lshah@example.com,Ericaberg,001-800-896-0771x518,33948,35Wvz7ji
Douglas,Henry,"Scientist, physiological",Water engineer,elizabethleonard@example.net,Lake Michael,7863932847,8548,7GfwSLKA
Michelle,Blackburn,Science writer,Medical illustrator,prangel@example.org,Port Dawnhaven,(350)739-1618x93525,97164,zGG4L1jl
Jeffrey,Simon,Medical sales representative,Catering manager,heather32@example.com,New Scott,+1-809-240-5358x85619,69699,QhQVPHx7
Jacob,Lester,Naval architect,Counsellor,dylan58@example.net,Ethanbury,417.407.3937x1053,20381,SnitJbf5
Paul,Price,English as a second language teacher,Quarry manager,rodneysmith@example.net,East Parker,850.700.1009x00691,32688,QZxcV9JB
Jared,Cardenas,Accounting technician,Marketing executive,richardmeyer@example.net,East Calebburgh,(508)889-7451x4203,58653,QiUhSvuc
Drew,Bautista,Aid worker,Community arts worker,jason33@example.org,Jasminestad,+1-750-880-0502x978,98808,Z10GjSWp
Steven,Robinson,Soil scientist,Community arts worker,deborahkennedy@example.com,New Samantha,(524)388-5100x82573,25652,RdjxaXhj
Brian,Velasquez,Building services engineer,Meteorologist,tanneralexander@example.net,Hilltown,605-595-5541x5090,39435,sQXm3sRF
Rebecca,Davis,Facilities manager,Biomedical scientist,christopher44@example.net,South Christopherfort,(384)963-9722x716,24626,gY64rjK2
Melissa,Garcia,Legal executive,Health and safety inspector,gregory89@example.net,Johnnyborough,+1-891-987-8047x2579,87986,gRFeDDRY
Michael,Butler,Marine scientist,Accommodation manager,zholloway@example.com,East Lisaview,+1-319-217-1112x15087,17894,qQTMB69s
Alyssa,Blackwell,"Psychologist, counselling",Systems analyst,colleen53@example.net,Lake Darrell,569.642.7335,85074,JYGCoDD3
Richard,Lane,Recycling officer,Retail banker,xgrant@example.net,Lake Robert,3262734545,12989,uQTTSA0c
Jamie,Morgan,Transport planner,Geophysicist/field seismologist,randypeters@example.org,West Michelle,+1-445-886-5952x149,83333,jt6jtVKV
Steven,Miller,Police officer,Sports administrator,lisagolden@example.org,Lake Seth,537.690.6727x985,82040,uEQ9wqKC
Cheyenne,Wood,Maintenance engineer,Herbalist,pmoore@example.com,Mullinsbury,8675813974,99862,FMZP7Aam
Emily,Ross,Newspaper journalist,"Horticulturist, commercial",cestrada@example.com,Nguyenshire,(712)836-9710,58731,R7EM0CSn
Tyler,Adkins,"Designer, interior/spatial",Professor Emeritus,christinacasey@example.org,Rebeccashire,936.450.3147,19830,A85PVuLd
Kimberly,Hall,Financial planner,"Engineer, technical sales",krobinson@example.org,East Ann,(808)383-9464x064,82750,uD424A2y
Kathy,Taylor,Technical author,"Clinical scientist, histocompatibility and immunogenetics",charles89@example.net,Fishertown,001-365-401-2739x77099,23340,h1sRbSPJ
Haley,Gray,Conference centre manager,Research scientist (physical sciences),bholmes@example.com,Davisfurt,+1-375-322-1036x8188,83304,re1SxcbH
Travis,Rhodes,Human resources officer,"Engineer, aeronautical",kwatson@example.org,New Ryan,001-855-502-2383x141,8954,egmU5P1w
Brian,Miller,Company secretary,Logistics and distribution manager,david48@example.net,Emilychester,692.776.9891x67150,9313,Y6fh252C
Michelle,Baldwin,"Scientist, research (life sciences)",Soil scientist,flemingharold@example.com,Susanport,841-883-1744x7626,61508,hkQ6g1sG
Caleb,Mooney,Special educational needs teacher,Print production planner,jeffrey33@example.org,South Julia,208.453.1385x969,53304,YUXTBL5x
Ryan,Hughes,Astronomer,"Psychologist, educational",parkerreed@example.net,Lake Austin,887.745.2709x4066,51177,9GVlKpX0
Christine,Johnson,Corporate investment banker,"Editor, commissioning",benjaminsmith@example.com,West Joseph,448-398-1449x48868,7649,JjCjLUnp
Megan,King,Geophysicist/field seismologist,Meteorologist,kimberly82@example.net,Kellytown,657-956-7597x398,67644,Lp6WzeOu
Christopher,Riley,Information systems manager,Intelligence analyst,bellcameron@example.com,Stephensview,439.333.0016,35457,CseBJ9Gd
